<?xml version="1.0" encoding="UTF-8"?>
<project-private xmlns="http://www.netbeans.org/ns/project-private/1">
    <editor-bookmarks xmlns="http://www.netbeans.org/ns/editor-bookmarks/2" lastBookmarkId="0"/>
    <open-files xmlns="http://www.netbeans.org/ns/projectui-open-files/2">
        <group>
            <file>file:/C:/Users/Berenice/Desktop/Projet%20Java%20Béré%20Pierre%20Thomas/src/jdbcv2018/Connexion.java</file>
            <file>file:/C:/Users/Berenice/Desktop/Projet%20Java%20Béré%20Pierre%20Thomas/src/jdbcv2018/SSHTunnel.java</file>
            <file>file:/C:/Users/Berenice/Desktop/Projet%20Java%20Béré%20Pierre%20Thomas/src/jdbcv2018/Frame_Docteur.java</file>
            <file>file:/C:/Users/Berenice/Desktop/Projet%20Java%20Béré%20Pierre%20Thomas/src/jdbcv2018/Menu_Stats.java</file>
            <file>file:/C:/Users/Berenice/Desktop/Projet%20Java%20Béré%20Pierre%20Thomas/src/jdbcv2018/Controleur.java</file>
            <file>file:/C:/Users/Berenice/Desktop/Projet%20Java%20Béré%20Pierre%20Thomas/src/jdbcv2018/Frame_Employe.java</file>
            <file>file:/C:/Users/Berenice/Desktop/Projet%20Java%20Béré%20Pierre%20Thomas/src/jdbcv2018/Frame_Requests.java</file>
            <file>file:/C:/Users/Berenice/Desktop/Projet%20Java%20Béré%20Pierre%20Thomas/src/jdbcv2018/Frame_Infirmier.java</file>
            <file>file:/C:/Users/Berenice/Desktop/Projet%20Java%20Béré%20Pierre%20Thomas/src/jdbcv2018/Frame_Service.java</file>
            <file>file:/C:/Users/Berenice/Desktop/Projet%20Java%20Béré%20Pierre%20Thomas/src/jdbcv2018/Menu_Connexion.java</file>
            <file>file:/C:/Users/Berenice/Desktop/Projet%20Java%20Béré%20Pierre%20Thomas/src/jdbcv2018/Frame_Malade.java</file>
            <file>file:/C:/Users/Berenice/Desktop/Projet%20Java%20Béré%20Pierre%20Thomas/src/jdbcv2018/Frame_Soigne.java</file>
            <file>file:/C:/Users/Berenice/Desktop/Projet%20Java%20Béré%20Pierre%20Thomas/src/jdbcv2018/Img_Connexion.java</file>
            <file>file:/C:/Users/Berenice/Desktop/Projet%20Java%20Béré%20Pierre%20Thomas/src/jdbcv2018/Menu_Recherche.java</file>
            <file>file:/C:/Users/Berenice/Desktop/Projet%20Java%20Béré%20Pierre%20Thomas/src/jdbcv2018/Menu_Principale.java</file>
            <file>file:/C:/Users/Berenice/Desktop/Projet%20Java%20Béré%20Pierre%20Thomas/src/jdbcv2018/Frame_Chambre.java</file>
            <file>file:/C:/Users/Berenice/Desktop/Projet%20Java%20Béré%20Pierre%20Thomas/src/jdbcv2018/Frame_Hospitalisation.java</file>
        </group>
    </open-files>
</project-private>
